{
  "scenarios": {
    "cn": {
      "pil": {
        "mean_final_reward": -25.018081791790205,
        "std_final_reward": 2.643997375944473,
        "mean_final_epsilon": 11.801620652750783,
        "std_final_epsilon": 0.0012455308415894783,
        "mean_final_leakage": 0.032494141219064084,
        "std_final_leakage": 0.0029316380850336085,
        "mean_final_kl": 175.00008618778654,
        "std_final_kl": 21.476667637109344
      },
      "dpmac": {
        "mean_final_reward": -25.09827983291689,
        "std_final_reward": 2.4414093977247924,
        "mean_final_epsilon": 12.070113457325396,
        "std_final_epsilon": 0.0,
        "mean_final_leakage": 0.036105281809217245,
        "std_final_leakage": 0.0029709929407963813,
        "mean_final_kl": 155.67439245329965,
        "std_final_kl": 57.26763455727104
      },
      "i2c": {
        "mean_final_reward": -24.724939481697856,
        "std_final_reward": 2.597210824792841,
        "mean_final_epsilon": 0.0,
        "std_final_epsilon": 0.0,
        "mean_final_leakage": 0.9898185125170379,
        "std_final_leakage": 0.0040539832976257545,
        "mean_final_kl": 0.0,
        "std_final_kl": 0.0
      },
      "tarmac": {
        "mean_final_reward": -25.30085164166459,
        "std_final_reward": 2.1542274934318697,
        "mean_final_epsilon": 0.0,
        "std_final_epsilon": 0.0,
        "mean_final_leakage": 0.9765896327746312,
        "std_final_leakage": 0.012117834403516294,
        "mean_final_kl": 0.0,
        "std_final_kl": 0.0
      },
      "maddpg": {
        "mean_final_reward": -24.304079442730693,
        "std_final_reward": 2.9752235417082966,
        "mean_final_epsilon": 0.0,
        "std_final_epsilon": 0.0,
        "mean_final_leakage": 0.0,
        "std_final_leakage": 0.0,
        "mean_final_kl": 0.0,
        "std_final_kl": 0.0
      }
    },
    "ccn": {
      "pil": {
        "mean_final_reward": -43.812686132865736,
        "std_final_reward": 4.662078181035129,
        "mean_final_epsilon": 11.725350042017743,
        "std_final_epsilon": 0.0018535553385685283,
        "mean_final_leakage": 0.035292224427111385,
        "std_final_leakage": 0.006657785055189652,
        "mean_final_kl": 349.1835914278031,
        "std_final_kl": 100.87870670871352
      },
      "dpmac": {
        "mean_final_reward": -44.12735357771703,
        "std_final_reward": 6.223165278695451,
        "mean_final_epsilon": 12.070113457325396,
        "std_final_epsilon": 0.0,
        "mean_final_leakage": 0.024526704127807646,
        "std_final_leakage": 0.006403439112706292,
        "mean_final_kl": 430.6687908768654,
        "std_final_kl": 187.34734797314428
      },
      "i2c": {
        "mean_final_reward": -42.986161267904116,
        "std_final_reward": 8.845778255832082,
        "mean_final_epsilon": 0.0,
        "std_final_epsilon": 0.0,
        "mean_final_leakage": 0.4993741679234431,
        "std_final_leakage": 0.0004598928355832104,
        "mean_final_kl": 0.0,
        "std_final_kl": 0.0
      },
      "tarmac": {
        "mean_final_reward": -39.47874431746347,
        "std_final_reward": 8.737337878244896,
        "mean_final_epsilon": 0.0,
        "std_final_epsilon": 0.0,
        "mean_final_leakage": 0.4957687388657388,
        "std_final_leakage": 0.0024445352790419448,
        "mean_final_kl": 0.0,
        "std_final_kl": 0.0
      },
      "maddpg": {
        "mean_final_reward": -38.21802810524057,
        "std_final_reward": 6.038873159680689,
        "mean_final_epsilon": 0.0,
        "std_final_epsilon": 0.0,
        "mean_final_leakage": 0.0,
        "std_final_leakage": 0.0,
        "mean_final_kl": 0.0,
        "std_final_kl": 0.0
      }
    },
    "pp": {
      "pil": {
        "mean_final_reward": 2.5,
        "std_final_reward": 2.7003086243366083,
        "mean_final_epsilon": 11.802664081694076,
        "std_final_epsilon": 0.001099060541835114,
        "mean_final_leakage": 0.037702722904920286,
        "std_final_leakage": 0.015367426913067505,
        "mean_final_kl": 137.5620146115621,
        "std_final_kl": 24.22137020312352
      },
      "dpmac": {
        "mean_final_reward": 5.833333333333333,
        "std_final_reward": 3.1180478223116177,
        "mean_final_epsilon": 12.070113457325396,
        "std_final_epsilon": 0.0,
        "mean_final_leakage": 0.042841639471448735,
        "std_final_leakage": 0.01130485576411337,
        "mean_final_kl": 207.75689865536162,
        "std_final_kl": 51.777059949880275
      },
      "i2c": {
        "mean_final_reward": 2.5,
        "std_final_reward": 2.7003086243366083,
        "mean_final_epsilon": 0.0,
        "std_final_epsilon": 0.0,
        "mean_final_leakage": 0.9658631181026851,
        "std_final_leakage": 0.015886918689080713,
        "mean_final_kl": 0.0,
        "std_final_kl": 0.0
      },
      "tarmac": {
        "mean_final_reward": 2.9166666666666665,
        "std_final_reward": 2.1245914639969934,
        "mean_final_epsilon": 0.0,
        "std_final_epsilon": 0.0,
        "mean_final_leakage": 0.9609153515244859,
        "std_final_leakage": 0.0068812890718916424,
        "mean_final_kl": 0.0,
        "std_final_kl": 0.0
      },
      "maddpg": {
        "mean_final_reward": 4.583333333333333,
        "std_final_reward": 2.946278254943948,
        "mean_final_epsilon": 0.0,
        "std_final_epsilon": 0.0,
        "mean_final_leakage": 1.2437109737146242e-08,
        "std_final_leakage": 1.7588729266994694e-08,
        "mean_final_kl": 0.0,
        "std_final_kl": 0.0
      }
    }
  },
  "seeds": [
    7,
    11,
    23
  ]
}