{
  "seeds": [
    7,
    11,
    23
  ],
  "checkpoint_source": "ema_last",
  "pil_aps": {
    "team_reward": 1.6179957787195842,
    "oracle_team_reward": 1.625277320543925,
    "welfare_regret": 0.00728154182434082,
    "mean_epsilon": 20.77688943717442,
    "mean_epsilon_ic": 0.0,
    "mean_epsilon_ir": 0.0,
    "mean_kl_distortion": 1.0405793190002441
  },
  "dpmac": {
    "team_reward": 1.6178814967473347,
    "oracle_team_reward": 1.619452993075053,
    "welfare_regret": 0.0015714963277180989,
    "mean_epsilon": 21.430113457325387,
    "mean_epsilon_ic": 0.0,
    "mean_epsilon_ir": 0.0,
    "mean_kl_distortion": 0.7922184864679972
  },
  "deltas": {
    "team_reward": 0.00011428197224949699,
    "oracle_team_reward": 0.00582432746887207,
    "welfare_regret": 0.005710045496622722,
    "mean_epsilon": -0.6532240201509651,
    "mean_epsilon_ic": 0.0,
    "mean_epsilon_ir": 0.0,
    "mean_kl_distortion": 0.24836083253224694
  }
}