{
  "seeds": [
    7,
    11,
    23
  ],
  "checkpoint_source": "final",
  "baselines": {
    "pil": {
      "label": "PIL-APS",
      "metrics": {
        "team_reward": 1.6179409821828206,
        "oracle_team_reward": 1.6223251819610596,
        "welfare_regret": 0.004384199778238933,
        "mean_epsilon": 21.07011345732539,
        "mean_epsilon_ic": 0.0,
        "mean_epsilon_ir": 0.0,
        "mean_kl_distortion": 0.8982166780365838
      }
    },
    "dpmac": {
      "label": "DPMAC",
      "metrics": {
        "team_reward": 1.616272250811259,
        "oracle_team_reward": 1.622031529744466,
        "welfare_regret": 0.005759278933207194,
        "mean_epsilon": 23.070113457325387,
        "mean_epsilon_ic": 1.9285413953993058e-05,
        "mean_epsilon_ir": 0.0,
        "mean_kl_distortion": 0.7785454392433167
      }
    },
    "i2c": {
      "label": "I2C",
      "metrics": {
        "team_reward": 1.6149611075719197,
        "oracle_team_reward": 1.6260908842086792,
        "welfare_regret": 0.01112977663675944,
        "mean_epsilon": 0.0,
        "mean_epsilon_ic": 0.0,
        "mean_epsilon_ir": 0.0,
        "mean_kl_distortion": 0.0
      }
    },
    "maddpg": {
      "label": "MADDPG",
      "metrics": {
        "team_reward": 1.5823349157969158,
        "oracle_team_reward": 1.6260908842086792,
        "welfare_regret": 0.04375596841176351,
        "mean_epsilon": 0.0,
        "mean_epsilon_ic": 0.0,
        "mean_epsilon_ir": 0.0,
        "mean_kl_distortion": 0.0
      }
    }
  },
  "pil_deltas": {
    "dpmac": {
      "team_reward": 0.0016687313715615382,
      "oracle_team_reward": 0.0002936522165934985,
      "welfare_regret": -0.0013750791549682617,
      "mean_epsilon": -1.9999999999999964,
      "mean_epsilon_ic": -1.9285413953993058e-05,
      "mean_epsilon_ir": 0.0,
      "mean_kl_distortion": 0.11967123879326713
    },
    "i2c": {
      "team_reward": 0.002979874610900879,
      "oracle_team_reward": -0.003765702247619629,
      "welfare_regret": -0.006745576858520507,
      "mean_epsilon": 21.07011345732539,
      "mean_epsilon_ic": 0.0,
      "mean_epsilon_ir": 0.0,
      "mean_kl_distortion": 0.8982166780365838
    },
    "maddpg": {
      "team_reward": 0.0356060663859048,
      "oracle_team_reward": -0.003765702247619629,
      "welfare_regret": -0.03937176863352458,
      "mean_epsilon": 21.07011345732539,
      "mean_epsilon_ic": 0.0,
      "mean_epsilon_ir": 0.0,
      "mean_kl_distortion": 0.8982166780365838
    }
  }
}