{
  "seeds": [
    7,
    11,
    23
  ],
  "checkpoint_source": "final",
  "baselines": {
    "pil": {
      "label": "PIL-APS",
      "metrics": {
        "team_reward": 1.6280685663223267,
        "oracle_team_reward": 1.6299618085225422,
        "welfare_regret": 0.0018932422002156575,
        "mean_epsilon": 21.095708284198654,
        "mean_epsilon_ic": 0.0,
        "mean_epsilon_ir": 0.0,
        "mean_kl_distortion": 0.8083835045496622
      }
    },
    "dpmac": {
      "label": "DPMAC",
      "metrics": {
        "team_reward": 1.6232229868570964,
        "oracle_team_reward": 1.6248827775319417,
        "welfare_regret": 0.0016597906748453777,
        "mean_epsilon": 23.070113457325387,
        "mean_epsilon_ic": 0.0,
        "mean_epsilon_ir": 0.0,
        "mean_kl_distortion": 0.541448732217153
      }
    },
    "i2c": {
      "label": "I2C",
      "metrics": {
        "team_reward": 1.6249791383743286,
        "oracle_team_reward": 1.6260908842086792,
        "welfare_regret": 0.001111745834350586,
        "mean_epsilon": 0.0,
        "mean_epsilon_ic": 0.0,
        "mean_epsilon_ir": 0.0,
        "mean_kl_distortion": 0.0
      }
    },
    "maddpg": {
      "label": "MADDPG",
      "metrics": {
        "team_reward": 1.5823349157969158,
        "oracle_team_reward": 1.6260908842086792,
        "welfare_regret": 0.04375596841176351,
        "mean_epsilon": 0.0,
        "mean_epsilon_ic": 0.0,
        "mean_epsilon_ir": 0.0,
        "mean_kl_distortion": 0.0
      }
    }
  },
  "pil_deltas": {
    "dpmac": {
      "team_reward": 0.004845579465230232,
      "oracle_team_reward": 0.005079030990600586,
      "welfare_regret": 0.0002334515253702798,
      "mean_epsilon": -1.9744051731267334,
      "mean_epsilon_ic": 0.0,
      "mean_epsilon_ir": 0.0,
      "mean_kl_distortion": 0.2669347723325093
    },
    "i2c": {
      "team_reward": 0.003089427947998047,
      "oracle_team_reward": 0.0038709243138630445,
      "welfare_regret": 0.0007814963658650715,
      "mean_epsilon": 21.095708284198654,
      "mean_epsilon_ic": 0.0,
      "mean_epsilon_ir": 0.0,
      "mean_kl_distortion": 0.8083835045496622
    },
    "maddpg": {
      "team_reward": 0.045733650525410896,
      "oracle_team_reward": 0.0038709243138630445,
      "welfare_regret": -0.04186272621154785,
      "mean_epsilon": 21.095708284198654,
      "mean_epsilon_ic": 0.0,
      "mean_epsilon_ir": 0.0,
      "mean_kl_distortion": 0.8083835045496622
    }
  }
}